case_text,administrative,criminal,civil,constitutional,family,commercial
Custody battle between Chen and Anjali in Bangkok family court.,0,0,0,0,1,0
Startup Novartis sues ex-employee John for leaking trade secrets. Government hiring procedure disputed by Anushka from Rome.,1,0,0,0,0,1
Custody battle between Monika and Ayesha in Mumbai family court.,0,0,0,0,1,0
Startup Walmart sues ex-employee Sukesh for leaking trade secrets.,0,0,0,0,0,1
Arpita files lawsuit against Jatin for breach of partnership terms.,0,0,0,0,0,1
Citizens in Rome protest changes in election laws. Mr. Jyotir challenges the new municipal tax regulation in Vishakhapatnam.,1,0,0,1,0,0
Shivam and Sukesh file for divorce citing irreconcilable differences.,0,0,0,0,1,0
Property ownership between Anushree and Ayesha contested in Dubai court. Startup Disney sues ex-employee Gukesh for leaking trade secrets.,0,0,1,0,0,1
Tanmay files lawsuit against Chen for breach of partnership terms.,0,0,0,0,0,1
David sues Anjali over sudden rental agreement termination.,0,0,1,0,0,0
Citizens in Berlin protest changes in election laws. Government hiring procedure disputed by Anushree from Dehradun.,1,0,0,1,0,0
Government hiring procedure disputed by Sara from Brussels.,1,0,0,0,0,0
Sudhir and Piyush file for divorce citing irreconcilable differences.,0,0,0,0,1,0
Petition filed by Jatin regarding violation of free speech rights. Government hiring procedure disputed by Titiksha from Berlin.,1,0,0,1,0,0
Startup Intel Corporation sues ex-employee Anjali for leaking trade secrets. Government hiring procedure disputed by Rakesh from Abu Dhabi.,1,0,0,0,0,1
Shubham and Titiksha file for divorce citing irreconcilable differences.,0,0,0,0,1,0
Custody battle between Arpita and Amit in Brussels family court.,0,0,0,0,1,0
Chen sues Mahesh over sudden rental agreement termination.,0,0,1,0,0,0
Anjali sues Gukesh over sudden rental agreement termination.,0,0,1,0,0,0
Custody battle between Monika and Sukesh in Kashmir family court.,0,0,0,0,1,0
Citizens in Seoul protest changes in election laws.,0,0,0,1,0,0
Shubham and Anshika file for divorce citing irreconcilable differences.,0,0,0,0,1,0
Jyotir files lawsuit against David for breach of partnership terms. Government hiring procedure disputed by Shouryan from Pune.,1,0,0,0,0,1
Mr. Sukesh challenges the new municipal tax regulation in Kerela.,1,0,0,0,0,0
Petition filed by Sukesh regarding violation of free speech rights.,0,0,0,1,0,0
Custody battle between Aditya and Mahesh in São Paulo family court.,0,0,0,0,1,0
Citizens in Berlin protest changes in election laws. Mr. Aaradhya challenges the new municipal tax regulation in Jakarta.,1,0,0,1,0,0
Mohit and Rohit file for divorce citing irreconcilable differences.,0,0,0,0,1,0
Mahesh and Chen file for divorce citing irreconcilable differences.,0,0,0,0,1,0
Custody battle between Shubham and Anjali in Manchester family court.,0,0,0,0,1,0
Petition filed by David regarding violation of free speech rights.,0,0,0,1,0,0
Startup Shell sues ex-employee Titiksha for leaking trade secrets.,0,0,0,0,0,1
Property ownership between Mukti and Himanshi contested in Berlin court. David files lawsuit against Chen for breach of partnership terms.,0,0,1,0,0,1
Startup Starbucks sues ex-employee Shubham for leaking trade secrets.,0,0,0,0,0,1
Police arrest Shubham in Chennai for organized financial fraud.,0,1,0,0,0,0
Fatima and Raj file for divorce citing irreconcilable differences.,0,0,0,0,1,0
Mohit files lawsuit against Ayesha for breach of partnership terms. Mr. Chen challenges the new municipal tax regulation in Goa.,1,0,0,0,0,1
Police arrest Fatima in Barcelona for organized financial fraud.,0,1,0,0,0,0
Citizens in Istanbul protest changes in election laws.,0,0,0,1,0,0
Startup T-Mobile sues ex-employee Kartikey for leaking trade secrets.,0,0,0,0,0,1
Government hiring procedure disputed by Jyotir from Johannesburg.,1,0,0,0,0,0
Ramesh sues Ayesha over sudden rental agreement termination.,0,0,1,0,0,0
Fatima files lawsuit against Akshay for breach of partnership terms.,0,0,0,0,0,1
Custody battle between Monika and Sukesh in Osaka family court.,0,0,0,0,1,0
Custody battle between Sunita and Tanmay in Brisbane family court.,0,0,0,0,1,0
Police arrest Sara in Berlin for organized financial fraud.,0,1,0,0,0,0
Jatin is charged with theft at Moscow mall.,0,1,0,0,0,0
Petition filed by Aaradhya regarding violation of free speech rights. Government hiring procedure disputed by Sunita from Jammu.,1,0,0,1,0,0
Shouryan is charged with theft at Kuala Lumpur mall.,0,1,0,0,0,0
Sara sues Mahesh over sudden rental agreement termination.,0,0,1,0,0,0
Mr. Amit challenges the new municipal tax regulation in Dubai.,1,0,0,0,0,0
Startup Roche sues ex-employee Rakesh for leaking trade secrets. Mr. Tanmay challenges the new municipal tax regulation in Lima.,1,0,0,0,0,1
Piyush and Himanshi file for divorce citing irreconcilable differences.,0,0,0,0,1,0
Shivam is charged with theft at Buenos Aires mall.,0,1,0,0,0,0
Property ownership between Ramesh and Shouryan contested in Dehradun court. Mohit files lawsuit against Amit for breach of partnership terms.,0,0,1,0,0,1
Mr. Ramesh challenges the new municipal tax regulation in Shanghai.,1,0,0,0,0,0
Police arrest Mohit in Paris for organized financial fraud.,0,1,0,0,0,0
Police arrest Piyush in Manchester for organized financial fraud.,0,1,0,0,0,0
Piyush is charged with theft at London mall. Citizens in Melbourne protest changes in election laws.,0,1,0,1,0,0
Aaradhya sues Salman over sudden rental agreement termination. Anjali files lawsuit against Kartikey for breach of partnership terms.,0,0,1,0,0,1
Startup PepsiCo sues ex-employee Mukti for leaking trade secrets.,0,0,0,0,0,1
Property ownership between Kartikey and Anushka contested in Beijing court.,0,0,1,0,0,0
Government hiring procedure disputed by Himanshi from Singapore.,1,0,0,0,0,0
Tanmay is charged with theft at Pune mall. Citizens in Dubai protest changes in election laws.,0,1,0,1,0,0
Police arrest Sukesh in Johannesburg for organized financial fraud.,0,1,0,0,0,0
Mr. Rohit challenges the new municipal tax regulation in Chennai.,1,0,0,0,0,0
Chen and Monika file for divorce citing irreconcilable differences.,0,0,0,0,1,0
Akshay sues Omar over sudden rental agreement termination.,0,0,1,0,0,0
Petition filed by Arpita regarding violation of free speech rights. Mr. Sudhir challenges the new municipal tax regulation in Istanbul.,1,0,0,1,0,0
Citizens in Riyadh protest changes in election laws.,0,0,0,1,0,0
Police arrest Fatima in Abu Dhabi for organized financial fraud. Citizens in Kerela protest changes in election laws.,0,1,0,1,0,0
Mahesh files lawsuit against Sara for breach of partnership terms.,0,0,0,0,0,1
Kunal and Ramesh file for divorce citing irreconcilable differences.,0,0,0,0,1,0
Amit files lawsuit against Piyush for breach of partnership terms.,0,0,0,0,0,1
Harvijay sues Rohit over sudden rental agreement termination. Custody battle between Priya and Sunita in Buenos Aires family court.,0,0,1,0,1,0
Citizens in Jakarta protest changes in election laws.,0,0,0,1,0,0
Akshay and Utkarsh file for divorce citing irreconcilable differences.,0,0,0,0,1,0
Custody battle between Sara and Jyotir in Tokyo family court.,0,0,0,0,1,0
Police arrest Monika in Goa for organized financial fraud.,0,1,0,0,0,0
kshitij sues Yash over sudden rental agreement termination. Custody battle between Sudhir and Chen in Chennai family court.,0,0,1,0,1,0
Arpita is charged with theft at Doha mall. Citizens in Dehradun protest changes in election laws.,0,1,0,1,0,0
Police arrest Chen in Abu Dhabi for organized financial fraud. Petition filed by Rohit regarding violation of free speech rights.,0,1,0,1,0,0
Petition filed by Amit regarding violation of free speech rights.,0,0,0,1,0,0
Mr. Himanshi challenges the new municipal tax regulation in Sydney.,1,0,0,0,0,0
Salman is charged with theft at Riyadh mall.,0,1,0,0,0,0
kshitij sues Sara over sudden rental agreement termination.,0,0,1,0,0,0
Government hiring procedure disputed by Rohit from Barcelona.,1,0,0,0,0,0
Anushka is charged with theft at Shanghai mall.,0,1,0,0,0,0
Government hiring procedure disputed by Jatin from São Paulo.,1,0,0,0,0,0
Simran sues Shivam over sudden rental agreement termination.,0,0,1,0,0,0
Mr. Anjali challenges the new municipal tax regulation in Jammu.,1,0,0,0,0,0
Citizens in Kerela protest changes in election laws.,0,0,0,1,0,0
Omar files lawsuit against Sukesh for breach of partnership terms.,0,0,0,0,0,1
Property ownership between Omar and Salman contested in Amsterdam court. Jatin files lawsuit against John for breach of partnership terms.,0,0,1,0,0,1
Kartikey is charged with theft at Singapore mall. Citizens in Moscow protest changes in election laws.,0,1,0,1,0,0
Custody battle between Kunal and Simran in Brussels family court.,0,0,0,0,1,0
Shouryan and Anushka file for divorce citing irreconcilable differences.,0,0,0,0,1,0
Property ownership between Tanmay and Mohit contested in Manchester court.,0,0,1,0,0,0
Amit sues Jyotir over sudden rental agreement termination. Priya and Amit file for divorce citing irreconcilable differences.,0,0,1,0,1,0
Police arrest Kunal in Singapore for organized financial fraud.,0,1,0,0,0,0
Anshika sues Ayesha over sudden rental agreement termination. Piyush files lawsuit against Shivam for breach of partnership terms.,0,0,1,0,0,1
Priya files lawsuit against Simran for breach of partnership terms.,0,0,0,0,0,1
Startup Ford sues ex-employee Sara for leaking trade secrets. Government hiring procedure disputed by Sudhir from Cape Town.,1,0,0,0,0,1
Petition filed by Sara regarding violation of free speech rights. Mr. Anshika challenges the new municipal tax regulation in Moscow.,1,0,0,1,0,0
Government hiring procedure disputed by Priya from Istanbul.,1,0,0,0,0,0
Simran sues Raj over sudden rental agreement termination.,0,0,1,0,0,0
Custody battle between David and Utkarsh in Jammu family court.,0,0,0,0,1,0
Kartikey and Monika file for divorce citing irreconcilable differences.,0,0,0,0,1,0
Property ownership between Ayesha and Utkarsh contested in Mexico City court. Custody battle between Aaradhya and Ramesh in Abu Dhabi family court.,0,0,1,0,1,0
Custody battle between Utkarsh and Sunita in Kuala Lumpur family court.,0,0,0,0,1,0
Citizens in Mumbai protest changes in election laws.,0,0,0,1,0,0
kshitij files lawsuit against Prashant for breach of partnership terms.,0,0,0,0,0,1
Property ownership between Amit and Himanshi contested in Madrid court. Utkarsh files lawsuit against Anushka for breach of partnership terms.,0,0,1,0,0,1
Citizens in Berlin protest changes in election laws. Mr. Aman challenges the new municipal tax regulation in Cape Town.,1,0,0,1,0,0
Startup Samsung Electronics sues ex-employee Aaradhya for leaking trade secrets.,0,0,0,0,0,1
Petition filed by Shouryan regarding violation of free speech rights.,0,0,0,1,0,0
Petition filed by Amit regarding violation of free speech rights.,0,0,0,1,0,0
Citizens in Shanghai protest changes in election laws. Government hiring procedure disputed by kshitij from Madrid.,1,0,0,1,0,0
Citizens in Moscow protest changes in election laws.,0,0,0,1,0,0
Petition filed by Himanshi regarding violation of free speech rights.,0,0,0,1,0,0
Startup Chevron sues ex-employee David for leaking trade secrets.,0,0,0,0,0,1
Citizens in Brussels protest changes in election laws.,0,0,0,1,0,0
Property ownership between Aditya and Sudhir contested in Pune court.,0,0,1,0,0,0
Custody battle between Sara and John in Doha family court.,0,0,0,0,1,0
Startup McDonald's sues ex-employee Gukesh for leaking trade secrets. Mr. Anushree challenges the new municipal tax regulation in Brisbane.,1,0,0,0,0,1
Police arrest Yash in Shanghai for organized financial fraud. Petition filed by Kartikey regarding violation of free speech rights.,0,1,0,1,0,0
Petition filed by Fatima regarding violation of free speech rights. Government hiring procedure disputed by Piyush from Manila.,1,0,0,1,0,0
Gukesh files lawsuit against Titiksha for breach of partnership terms.,0,0,0,0,0,1
Citizens in Barcelona protest changes in election laws. Mr. Sukesh challenges the new municipal tax regulation in Buenos Aires.,1,0,0,1,0,0
Property ownership between Mohit and Kartikey contested in Berlin court.,0,0,1,0,0,0
Mr. Anushree challenges the new municipal tax regulation in Bangkok.,1,0,0,0,0,0
Fatima sues Sunita over sudden rental agreement termination. Custody battle between Anjali and Tanmay in Abu Dhabi family court.,0,0,1,0,1,0
Startup Google sues ex-employee Kartikey for leaking trade secrets. Government hiring procedure disputed by Tanmay from Mumbai.,1,0,0,0,0,1
Mr. Himanshi challenges the new municipal tax regulation in Jammu.,1,0,0,0,0,0
Government hiring procedure disputed by Aditya from Seoul.,1,0,0,0,0,0
Custody battle between Shouryan and Sunita in Seoul family court.,0,0,0,0,1,0
Police arrest Harvijay in Amsterdam for organized financial fraud.,0,1,0,0,0,0
Aaradhya and Simran file for divorce citing irreconcilable differences.,0,0,0,0,1,0
Government hiring procedure disputed by John from Rome.,1,0,0,0,0,0
Startup Wipro sues ex-employee Piyush for leaking trade secrets. Government hiring procedure disputed by Gukesh from Doha.,1,0,0,0,0,1
Citizens in Jakarta protest changes in election laws.,0,0,0,1,0,0
Startup Morgan Stanley sues ex-employee Chen for leaking trade secrets.,0,0,0,0,0,1
Citizens in Mumbai protest changes in election laws.,0,0,0,1,0,0
Citizens in Mumbai protest changes in election laws.,0,0,0,1,0,0
Citizens in Jammu protest changes in election laws.,0,0,0,1,0,0
Yash files lawsuit against Anushree for breach of partnership terms.,0,0,0,0,0,1
Property ownership between Tanmay and Kartikey contested in Abu Dhabi court.,0,0,1,0,0,0
Omar sues Jatin over sudden rental agreement termination. Custody battle between Mukti and Jatin in Johannesburg family court.,0,0,1,0,1,0
Police arrest Ayesha in Doha for organized financial fraud.,0,1,0,0,0,0
Police arrest Tanmay in Dubai for organized financial fraud.,0,1,0,0,0,0
Prashant and Sara file for divorce citing irreconcilable differences.,0,0,0,0,1,0
Mr. Omar challenges the new municipal tax regulation in Bnaglore.,1,0,0,0,0,0
Startup Sun Pharma sues ex-employee Tanmay for leaking trade secrets.,0,0,0,0,0,1
Property ownership between Raj and Mahesh contested in Riyadh court. Arpita files lawsuit against Rohit for breach of partnership terms.,0,0,1,0,0,1
Mr. Omar challenges the new municipal tax regulation in Chennai.,1,0,0,0,0,0
Titiksha sues Mukti over sudden rental agreement termination.,0,0,1,0,0,0
Government hiring procedure disputed by David from Mexico City.,1,0,0,0,0,0
Omar and Kunal file for divorce citing irreconcilable differences.,0,0,0,0,1,0
Mr. Yash challenges the new municipal tax regulation in Seoul.,1,0,0,0,0,0
Petition filed by Harvijay regarding violation of free speech rights.,0,0,0,1,0,0
Petition filed by Ramesh regarding violation of free speech rights.,0,0,0,1,0,0
Property ownership between Sukesh and Anjali contested in Dubai court. Custody battle between Anshika and Kunal in Lima family court.,0,0,1,0,1,0
Police arrest Shivam in Vishakhapatnam for organized financial fraud.,0,1,0,0,0,0
Sudhir files lawsuit against Sudhir for breach of partnership terms. Mr. Piyush challenges the new municipal tax regulation in Manchester.,1,0,0,0,0,1
David and Jatin file for divorce citing irreconcilable differences.,0,0,0,0,1,0
Police arrest Piyush in New York for organized financial fraud.,0,1,0,0,0,0
Mr. Aditya challenges the new municipal tax regulation in Moscow.,1,0,0,0,0,0
Property ownership between Raj and Amit contested in São Paulo court.,0,0,1,0,0,0
Petition filed by Mukti regarding violation of free speech rights.,0,0,0,1,0,0
Citizens in Doha protest changes in election laws.,0,0,0,1,0,0
Citizens in Kuala Lumpur protest changes in election laws.,0,0,0,1,0,0
Government hiring procedure disputed by Harvijay from Vishakhapatnam.,1,0,0,0,0,0
Property ownership between Kartikey and Harvijay contested in Brussels court.,0,0,1,0,0,0
Citizens in Chennai protest changes in election laws.,0,0,0,1,0,0
Harvijay and Utkarsh file for divorce citing irreconcilable differences.,0,0,0,0,1,0
Startup TCS sues ex-employee Tanmay for leaking trade secrets.,0,0,0,0,0,1
Police arrest Shubham in Kashmir for organized financial fraud.,0,1,0,0,0,0
Akshay sues Gukesh over sudden rental agreement termination. Custody battle between Himanshi and Tanmay in Goa family court.,0,0,1,0,1,0
Petition filed by Arpita regarding violation of free speech rights. Mr. Piyush challenges the new municipal tax regulation in Dubai.,1,0,0,1,0,0
Mr. Rakesh challenges the new municipal tax regulation in Cairo.,1,0,0,0,0,0
Custody battle between Aaradhya and Harvijay in Shanghai family court.,0,0,0,0,1,0
Citizens in Mumbai protest changes in election laws. Mr. Ramesh challenges the new municipal tax regulation in Amsterdam.,1,0,0,1,0,0
Property ownership between Raj and Rakesh contested in Mexico City court. Shubham and Raj file for divorce citing irreconcilable differences.,0,0,1,0,1,0
Police arrest Ayesha in Brussels for organized financial fraud.,0,1,0,0,0,0
Rohit sues Jatin over sudden rental agreement termination.,0,0,1,0,0,0
Government hiring procedure disputed by Jatin from Sydney.,1,0,0,0,0,0
Mahesh and Ramesh file for divorce citing irreconcilable differences.,0,0,0,0,1,0
Custody battle between Sukesh and Chen in Chennai family court.,0,0,0,0,1,0
Kunal is charged with theft at Pune mall.,0,1,0,0,0,0
Sunita sues Harvijay over sudden rental agreement termination.,0,0,1,0,0,0
Shouryan sues Arpita over sudden rental agreement termination. Raj files lawsuit against Salman for breach of partnership terms.,0,0,1,0,0,1
Aaradhya is charged with theft at Barcelona mall. Petition filed by Anjali regarding violation of free speech rights.,0,1,0,1,0,0
Citizens in Paris protest changes in election laws.,0,0,0,1,0,0
Chen is charged with theft at Seoul mall.,0,1,0,0,0,0
Citizens in Sydney protest changes in election laws. Mr. Ramesh challenges the new municipal tax regulation in Paris.,1,0,0,1,0,0
Shouryan is charged with theft at Bangkok mall.,0,1,0,0,0,0
Shouryan sues Jatin over sudden rental agreement termination.,0,0,1,0,0,0
Petition filed by Titiksha regarding violation of free speech rights. Mr. Omar challenges the new municipal tax regulation in Amsterdam.,1,0,0,1,0,0
Omar sues Anshika over sudden rental agreement termination. Himanshi and Piyush file for divorce citing irreconcilable differences.,0,0,1,0,1,0
Shubham sues Kartikey over sudden rental agreement termination. Chen files lawsuit against Rakesh for breach of partnership terms.,0,0,1,0,0,1
Mr. Gukesh challenges the new municipal tax regulation in Bnaglore.,1,0,0,0,0,0
Custody battle between Arpita and Amit in Cape Town family court.,0,0,0,0,1,0
Property ownership between Priya and Piyush contested in Bnaglore court. Priya and Chen file for divorce citing irreconcilable differences.,0,0,1,0,1,0
Sara sues Ayesha over sudden rental agreement termination. Prashant files lawsuit against Mukti for breach of partnership terms.,0,0,1,0,0,1
Salman is charged with theft at Kuala Lumpur mall.,0,1,0,0,0,0
Petition filed by Raj regarding violation of free speech rights.,0,0,0,1,0,0
Aaradhya is charged with theft at Tokyo mall.,0,1,0,0,0,0
Custody battle between Sara and Tanmay in Madrid family court.,0,0,0,0,1,0
Property ownership between John and Aditya contested in Moscow court.,0,0,1,0,0,0
Government hiring procedure disputed by Akshay from Madrid.,1,0,0,0,0,0
Priya files lawsuit against Ramesh for breach of partnership terms. Government hiring procedure disputed by Mukti from Doha.,1,0,0,0,0,1
Mr. Sara challenges the new municipal tax regulation in Kerela.,1,0,0,0,0,0
Startup Infosys sues ex-employee Aditya for leaking trade secrets.,0,0,0,0,0,1
Sudhir sues Jatin over sudden rental agreement termination. Aditya files lawsuit against Sara for breach of partnership terms.,0,0,1,0,0,1
Custody battle between Shubham and Omar in Madrid family court.,0,0,0,0,1,0
Salman and Ramesh file for divorce citing irreconcilable differences.,0,0,0,0,1,0
Petition filed by kshitij regarding violation of free speech rights.,0,0,0,1,0,0
Citizens in Tokyo protest changes in election laws. Government hiring procedure disputed by Mahesh from Moscow.,1,0,0,1,0,0
Petition filed by Aditya regarding violation of free speech rights.,0,0,0,1,0,0
Property ownership between Aaradhya and Piyush contested in Bangkok court. Startup Meta Platforms sues ex-employee Raj for leaking trade secrets.,0,0,1,0,0,1
Mr. Aaradhya challenges the new municipal tax regulation in Abu Dhabi.,1,0,0,0,0,0
Priya files lawsuit against Simran for breach of partnership terms.,0,0,0,0,0,1
Police arrest Monika in Kerela for organized financial fraud.,0,1,0,0,0,0
Police arrest Sara in Manila for organized financial fraud.,0,1,0,0,0,0
Property ownership between Anjali and Mukti contested in Bnaglore court.,0,0,1,0,0,0
Shivam and Ramesh file for divorce citing irreconcilable differences.,0,0,0,0,1,0
David is charged with theft at New York mall.,0,1,0,0,0,0
Arpita is charged with theft at Istanbul mall. Petition filed by Chen regarding violation of free speech rights.,0,1,0,1,0,0
Citizens in Paris protest changes in election laws.,0,0,0,1,0,0
Custody battle between John and Sudhir in Brussels family court.,0,0,0,0,1,0
Himanshi sues Shivam over sudden rental agreement termination.,0,0,1,0,0,0
Citizens in Shanghai protest changes in election laws. Mr. Monika challenges the new municipal tax regulation in Abu Dhabi.,1,0,0,1,0,0
Custody battle between Sunita and Anjali in Jammu family court.,0,0,0,0,1,0
Police arrest Titiksha in Madrid for organized financial fraud. Citizens in Vishakhapatnam protest changes in election laws.,0,1,0,1,0,0
Anjali files lawsuit against Priya for breach of partnership terms.,0,0,0,0,0,1
Police arrest Anushree in Brussels for organized financial fraud.,0,1,0,0,0,0
Government hiring procedure disputed by Gukesh from New York.,1,0,0,0,0,0
Property ownership between Mukti and Monika contested in Manila court.,0,0,1,0,0,0
Citizens in Paris protest changes in election laws.,0,0,0,1,0,0
Mahesh sues Anshika over sudden rental agreement termination.,0,0,1,0,0,0
Citizens in Kuala Lumpur protest changes in election laws.,0,0,0,1,0,0
Citizens in Istanbul protest changes in election laws. Government hiring procedure disputed by Mukti from Shanghai.,1,0,0,1,0,0
Government hiring procedure disputed by Gukesh from Abu Dhabi.,1,0,0,0,0,0
Utkarsh is charged with theft at Manila mall. Petition filed by Harvijay regarding violation of free speech rights.,0,1,0,1,0,0
Citizens in Rome protest changes in election laws. Government hiring procedure disputed by John from Delhi.,1,0,0,1,0,0
Property ownership between Jatin and Shivam contested in Shanghai court.,0,0,1,0,0,0
Property ownership between Monika and Kartikey contested in Cairo court.,0,0,1,0,0,0
Anjali and Aditya file for divorce citing irreconcilable differences.,0,0,0,0,1,0
Custody battle between Aaradhya and Harvijay in Manila family court.,0,0,0,0,1,0
Property ownership between Rohit and Monika contested in Goa court.,0,0,1,0,0,0
Petition filed by Omar regarding violation of free speech rights.,0,0,0,1,0,0
Police arrest Sunita in Shanghai for organized financial fraud.,0,1,0,0,0,0
Custody battle between Simran and Aditya in Bnaglore family court.,0,0,0,0,1,0
Startup General Motors sues ex-employee Mohit for leaking trade secrets.,0,0,0,0,0,1
Mahesh sues Titiksha over sudden rental agreement termination.,0,0,1,0,0,0
Government hiring procedure disputed by Kunal from Buenos Aires.,1,0,0,0,0,0
Startup Bharti Airtel sues ex-employee Sukesh for leaking trade secrets.,0,0,0,0,0,1
Custody battle between Titiksha and Rakesh in Abu Dhabi family court.,0,0,0,0,1,0
Kunal is charged with theft at Bangkok mall. Petition filed by Prashant regarding violation of free speech rights.,0,1,0,1,0,0
Aaradhya sues Jatin over sudden rental agreement termination. Custody battle between Kunal and Arpita in São Paulo family court.,0,0,1,0,1,0
Shubham files lawsuit against Ramesh for breach of partnership terms. Government hiring procedure disputed by Rohit from Doha.,1,0,0,0,0,1
Mr. David challenges the new municipal tax regulation in Shanghai.,1,0,0,0,0,0
Mr. Monika challenges the new municipal tax regulation in Tokyo.,1,0,0,0,0,0
Mr. Jyotir challenges the new municipal tax regulation in Delhi.,1,0,0,0,0,0
Police arrest Sudhir in Kashmir for organized financial fraud. Citizens in Amsterdam protest changes in election laws.,0,1,0,1,0,0
Citizens in Delhi protest changes in election laws.,0,0,0,1,0,0
Chen and Mohit file for divorce citing irreconcilable differences.,0,0,0,0,1,0
Petition filed by Akshay regarding violation of free speech rights. Government hiring procedure disputed by kshitij from Melbourne.,1,0,0,1,0,0
Police arrest Harvijay in Dehradun for organized financial fraud. Petition filed by Monika regarding violation of free speech rights.,0,1,0,1,0,0
Mr. Aditya challenges the new municipal tax regulation in Dubai.,1,0,0,0,0,0
Petition filed by Fatima regarding violation of free speech rights. Mr. Aaradhya challenges the new municipal tax regulation in Mumbai.,1,0,0,1,0,0
Property ownership between Jyotir and Ramesh contested in Moscow court. Tanmay files lawsuit against Ayesha for breach of partnership terms.,0,0,1,0,0,1
Aman is charged with theft at Kashmir mall.,0,1,0,0,0,0
Citizens in Mumbai protest changes in election laws.,0,0,0,1,0,0
Fatima is charged with theft at Brisbane mall.,0,1,0,0,0,0
Mohit files lawsuit against Akshay for breach of partnership terms.,0,0,0,0,0,1
Citizens in New York protest changes in election laws.,0,0,0,1,0,0
Petition filed by Ramesh regarding violation of free speech rights.,0,0,0,1,0,0
Utkarsh is charged with theft at Mexico City mall.,0,1,0,0,0,0
Police arrest Anushka in New York for organized financial fraud.,0,1,0,0,0,0
Kartikey sues Anushree over sudden rental agreement termination.,0,0,1,0,0,0
Petition filed by Anushree regarding violation of free speech rights.,0,0,0,1,0,0
Chen files lawsuit against Rohit for breach of partnership terms.,0,0,0,0,0,1
Salman and Anushka file for divorce citing irreconcilable differences.,0,0,0,0,1,0
Yash is charged with theft at Berlin mall.,0,1,0,0,0,0
Police arrest Priya in Manila for organized financial fraud. Petition filed by Ramesh regarding violation of free speech rights.,0,1,0,1,0,0
Akshay sues Jyotir over sudden rental agreement termination.,0,0,1,0,0,0
Aaradhya is charged with theft at Barcelona mall.,0,1,0,0,0,0
Mr. Fatima challenges the new municipal tax regulation in Vishakhapatnam.,1,0,0,0,0,0
Yash is charged with theft at Cape Town mall. Petition filed by Jyotir regarding violation of free speech rights.,0,1,0,1,0,0
Custody battle between Sara and Mahesh in Jammu family court.,0,0,0,0,1,0
Startup Shell sues ex-employee John for leaking trade secrets.,0,0,0,0,0,1
Shubham sues Anushka over sudden rental agreement termination. Utkarsh and Rakesh file for divorce citing irreconcilable differences.,0,0,1,0,1,0
Petition filed by kshitij regarding violation of free speech rights. Government hiring procedure disputed by Ramesh from Bangkok.,1,0,0,1,0,0
Petition filed by Rohit regarding violation of free speech rights.,0,0,0,1,0,0
Himanshi is charged with theft at Mumbai mall. Citizens in Jakarta protest changes in election laws.,0,1,0,1,0,0
Citizens in Mexico City protest changes in election laws.,0,0,0,1,0,0
Police arrest Anshika in London for organized financial fraud. Petition filed by Anushree regarding violation of free speech rights.,0,1,0,1,0,0
Aditya and Kartikey file for divorce citing irreconcilable differences.,0,0,0,0,1,0
Mr. Utkarsh challenges the new municipal tax regulation in Madrid.,1,0,0,0,0,0
Petition filed by Rakesh regarding violation of free speech rights.,0,0,0,1,0,0
Custody battle between Mukti and Sara in Istanbul family court.,0,0,0,0,1,0
Petition filed by Ramesh regarding violation of free speech rights. Government hiring procedure disputed by Rohit from Doha.,1,0,0,1,0,0
Police arrest David in London for organized financial fraud. Petition filed by Shubham regarding violation of free speech rights.,0,1,0,1,0,0
Sukesh and Fatima file for divorce citing irreconcilable differences.,0,0,0,0,1,0
Mukti files lawsuit against Shubham for breach of partnership terms. Mr. Anushree challenges the new municipal tax regulation in Manila.,1,0,0,0,0,1
Custody battle between Ramesh and David in Riyadh family court.,0,0,0,0,1,0
Salman files lawsuit against Anshika for breach of partnership terms.,0,0,0,0,0,1
John sues Rohit over sudden rental agreement termination. Startup Yum! Brands sues ex-employee Tanmay for leaking trade secrets.,0,0,1,0,0,1
Petition filed by Utkarsh regarding violation of free speech rights.,0,0,0,1,0,0
Petition filed by Harvijay regarding violation of free speech rights.,0,0,0,1,0,0
Property ownership between Jatin and Anshika contested in Jammu court. Startup Nestlé sues ex-employee Anushree for leaking trade secrets.,0,0,1,0,0,1
Citizens in Manchester protest changes in election laws.,0,0,0,1,0,0
Police arrest Priya in Madrid for organized financial fraud. Petition filed by John regarding violation of free speech rights.,0,1,0,1,0,0
Piyush and Yash file for divorce citing irreconcilable differences.,0,0,0,0,1,0
Sudhir files lawsuit against Prashant for breach of partnership terms.,0,0,0,0,0,1
Custody battle between Amit and Monika in Johannesburg family court.,0,0,0,0,1,0
Anushree and Arpita file for divorce citing irreconcilable differences.,0,0,0,0,1,0
Government hiring procedure disputed by Jyotir from Istanbul.,1,0,0,0,0,0
Raj is charged with theft at Paris mall.,0,1,0,0,0,0
Startup Adobe Systems sues ex-employee Anushree for leaking trade secrets.,0,0,0,0,0,1
Startup eBay sues ex-employee Raj for leaking trade secrets.,0,0,0,0,0,1
Aaradhya sues Titiksha over sudden rental agreement termination.,0,0,1,0,0,0
Startup General Motors sues ex-employee Rohit for leaking trade secrets.,0,0,0,0,0,1
Startup TotalEnergies sues ex-employee Ramesh for leaking trade secrets. Mr. Simran challenges the new municipal tax regulation in Jakarta.,1,0,0,0,0,1
Gukesh is charged with theft at Riyadh mall.,0,1,0,0,0,0
Petition filed by Mahesh regarding violation of free speech rights.,0,0,0,1,0,0
Utkarsh sues Anshika over sudden rental agreement termination.,0,0,1,0,0,0
Arpita sues Aaradhya over sudden rental agreement termination.,0,0,1,0,0,0
Police arrest Kartikey in Jammu for organized financial fraud.,0,1,0,0,0,0
Petition filed by Ayesha regarding violation of free speech rights. Government hiring procedure disputed by kshitij from Bnaglore.,1,0,0,1,0,0
Property ownership between Sukesh and Utkarsh contested in Rome court.,0,0,1,0,0,0
Police arrest Kartikey in Madrid for organized financial fraud.,0,1,0,0,0,0
Anshika and Shouryan file for divorce citing irreconcilable differences.,0,0,0,0,1,0
Government hiring procedure disputed by Mukti from Seoul.,1,0,0,0,0,0
Startup Walmart sues ex-employee John for leaking trade secrets.,0,0,0,0,0,1
Startup BMW sues ex-employee Himanshi for leaking trade secrets.,0,0,0,0,0,1
Ramesh sues Mohit over sudden rental agreement termination. Custody battle between Jatin and Titiksha in Bnaglore family court.,0,0,1,0,1,0
Shubham files lawsuit against Jatin for breach of partnership terms. Government hiring procedure disputed by John from Osaka.,1,0,0,0,0,1
Police arrest Yash in London for organized financial fraud. Citizens in Abu Dhabi protest changes in election laws.,0,1,0,1,0,0
Property ownership between Shivam and Priya contested in Berlin court. Anushree files lawsuit against Amit for breach of partnership terms.,0,0,1,0,0,1
Police arrest Himanshi in Amsterdam for organized financial fraud.,0,1,0,0,0,0
Property ownership between David and Gukesh contested in Doha court. Custody battle between Himanshi and Titiksha in Amsterdam family court.,0,0,1,0,1,0
Aman sues Priya over sudden rental agreement termination. Fatima files lawsuit against Shouryan for breach of partnership terms.,0,0,1,0,0,1
Property ownership between Jatin and Shivam contested in Cairo court.,0,0,1,0,0,0
Property ownership between Mohit and Kunal contested in Johannesburg court. Sudhir and Salman file for divorce citing irreconcilable differences.,0,0,1,0,1,0
Anshika and Harvijay file for divorce citing irreconcilable differences.,0,0,0,0,1,0
Yash sues Simran over sudden rental agreement termination.,0,0,1,0,0,0
kshitij files lawsuit against Monika for breach of partnership terms.,0,0,0,0,0,1
Property ownership between Shivam and Himanshi contested in Goa court. Mukti and Aman file for divorce citing irreconcilable differences.,0,0,1,0,1,0
Kunal is charged with theft at Mumbai mall.,0,1,0,0,0,0
Startup AT&T sues ex-employee Sudhir for leaking trade secrets.,0,0,0,0,0,1
Citizens in Cairo protest changes in election laws.,0,0,0,1,0,0
Sudhir and Akshay file for divorce citing irreconcilable differences.,0,0,0,0,1,0
Police arrest Titiksha in Istanbul for organized financial fraud.,0,1,0,0,0,0
Priya sues Arpita over sudden rental agreement termination. Startup Merck & Co. sues ex-employee Shouryan for leaking trade secrets.,0,0,1,0,0,1
Mr. Rohit challenges the new municipal tax regulation in Madrid.,1,0,0,0,0,0
Property ownership between Gukesh and Rohit contested in Sydney court.,0,0,1,0,0,0
Petition filed by Jyotir regarding violation of free speech rights.,0,0,0,1,0,0
Petition filed by Anjali regarding violation of free speech rights.,0,0,0,1,0,0
Sara and Mohit file for divorce citing irreconcilable differences.,0,0,0,0,1,0
Mr. Jyotir challenges the new municipal tax regulation in Berlin.,1,0,0,0,0,0
Mukti files lawsuit against Omar for breach of partnership terms.,0,0,0,0,0,1
Property ownership between Aaradhya and Shouryan contested in São Paulo court.,0,0,1,0,0,0
Government hiring procedure disputed by Anushree from Sydney.,1,0,0,0,0,0
Property ownership between Anushree and Anushree contested in Sydney court.,0,0,1,0,0,0
Anjali sues Chen over sudden rental agreement termination.,0,0,1,0,0,0
Property ownership between Aditya and Priya contested in Riyadh court.,0,0,1,0,0,0
Anjali is charged with theft at Riyadh mall.,0,1,0,0,0,0
Startup Flipkart sues ex-employee Aditya for leaking trade secrets.,0,0,0,0,0,1
Citizens in Moscow protest changes in election laws.,0,0,0,1,0,0
Property ownership between Prashant and Rohit contested in Sydney court.,0,0,1,0,0,0
Aaradhya and Salman file for divorce citing irreconcilable differences.,0,0,0,0,1,0
Startup Chevron sues ex-employee Harvijay for leaking trade secrets.,0,0,0,0,0,1
Jyotir is charged with theft at Brisbane mall.,0,1,0,0,0,0
Yash is charged with theft at Brisbane mall.,0,1,0,0,0,0
Shouryan sues Jatin over sudden rental agreement termination. Tanmay and Jyotir file for divorce citing irreconcilable differences.,0,0,1,0,1,0
Petition filed by Aditya regarding violation of free speech rights. Government hiring procedure disputed by Sara from Mumbai.,1,0,0,1,0,0
Sukesh files lawsuit against Monika for breach of partnership terms. Government hiring procedure disputed by Prashant from London.,1,0,0,0,0,1
Petition filed by Salman regarding violation of free speech rights. Government hiring procedure disputed by Sara from Manila.,1,0,0,1,0,0
Custody battle between Anshika and Ayesha in Mumbai family court.,0,0,0,0,1,0
Mr. kshitij challenges the new municipal tax regulation in Madrid.,1,0,0,0,0,0
Startup Microsoft sues ex-employee Shouryan for leaking trade secrets.,0,0,0,0,0,1
Startup Cipla sues ex-employee David for leaking trade secrets.,0,0,0,0,0,1
Government hiring procedure disputed by Mahesh from Paris.,1,0,0,0,0,0
Property ownership between Sara and Omar contested in Dehradun court.,0,0,1,0,0,0
Custody battle between Ayesha and Ayesha in Dehradun family court.,0,0,0,0,1,0
Citizens in Paris protest changes in election laws. Government hiring procedure disputed by Ayesha from Moscow.,1,0,0,1,0,0
Shivam is charged with theft at Buenos Aires mall.,0,1,0,0,0,0
Aman files lawsuit against Shivam for breach of partnership terms. Mr. Simran challenges the new municipal tax regulation in Madrid.,1,0,0,0,0,1
Police arrest Amit in Berlin for organized financial fraud.,0,1,0,0,0,0
Government hiring procedure disputed by Ramesh from New York.,1,0,0,0,0,0
Startup Airbnb sues ex-employee Mahesh for leaking trade secrets.,0,0,0,0,0,1
Citizens in Mumbai protest changes in election laws.,0,0,0,1,0,0
Rohit sues Shouryan over sudden rental agreement termination.,0,0,1,0,0,0
Mohit files lawsuit against Kartikey for breach of partnership terms.,0,0,0,0,0,1
Petition filed by Aditya regarding violation of free speech rights.,0,0,0,1,0,0
Omar is charged with theft at Lima mall.,0,1,0,0,0,0
Piyush and Amit file for divorce citing irreconcilable differences.,0,0,0,0,1,0
Police arrest Sara in New York for organized financial fraud.,0,1,0,0,0,0
Shouryan files lawsuit against Aaradhya for breach of partnership terms.,0,0,0,0,0,1
Prashant sues Harvijay over sudden rental agreement termination. Anushree files lawsuit against Jatin for breach of partnership terms.,0,0,1,0,0,1
Gukesh and Mohit file for divorce citing irreconcilable differences.,0,0,0,0,1,0
Police arrest Amit in Rome for organized financial fraud.,0,1,0,0,0,0
Monika and Mahesh file for divorce citing irreconcilable differences.,0,0,0,0,1,0
Aditya is charged with theft at Dubai mall.,0,1,0,0,0,0
Mr. Rakesh challenges the new municipal tax regulation in Goa.,1,0,0,0,0,0
Property ownership between David and Amit contested in Abu Dhabi court.,0,0,1,0,0,0
Mukti sues kshitij over sudden rental agreement termination.,0,0,1,0,0,0
Police arrest Tanmay in Johannesburg for organized financial fraud. Petition filed by Utkarsh regarding violation of free speech rights.,0,1,0,1,0,0
Custody battle between David and Shivam in Bangkok family court.,0,0,0,0,1,0
Petition filed by Anshika regarding violation of free speech rights.,0,0,0,1,0,0
Himanshi sues Mahesh over sudden rental agreement termination.,0,0,1,0,0,0
Police arrest Sunita in London for organized financial fraud. Petition filed by Anushka regarding violation of free speech rights.,0,1,0,1,0,0
Petition filed by Titiksha regarding violation of free speech rights.,0,0,0,1,0,0
Mahesh sues Sudhir over sudden rental agreement termination. Startup Caterpillar sues ex-employee Raj for leaking trade secrets.,0,0,1,0,0,1
Startup T-Mobile sues ex-employee Salman for leaking trade secrets.,0,0,0,0,0,1
Kunal sues Ayesha over sudden rental agreement termination. Startup NextEra Energy sues ex-employee Titiksha for leaking trade secrets.,0,0,1,0,0,1
Anjali sues Anushree over sudden rental agreement termination.,0,0,1,0,0,0
Gukesh is charged with theft at London mall.,0,1,0,0,0,0
Custody battle between Jatin and Sara in New York family court.,0,0,0,0,1,0
Police arrest Chen in Dehradun for organized financial fraud.,0,1,0,0,0,0
Police arrest Anshika in Bangkok for organized financial fraud.,0,1,0,0,0,0
Mr. Monika challenges the new municipal tax regulation in Vishakhapatnam.,1,0,0,0,0,0
Police arrest Aman in Osaka for organized financial fraud.,0,1,0,0,0,0
Police arrest Himanshi in Abu Dhabi for organized financial fraud. Petition filed by John regarding violation of free speech rights.,0,1,0,1,0,0
Government hiring procedure disputed by Chen from Sydney.,1,0,0,0,0,0
Property ownership between Ayesha and John contested in Bangkok court. Custody battle between Akshay and Simran in Cairo family court.,0,0,1,0,1,0
Police arrest Fatima in Cape Town for organized financial fraud.,0,1,0,0,0,0
Jatin sues John over sudden rental agreement termination. Custody battle between Rohit and Jyotir in Cairo family court.,0,0,1,0,1,0
Mr. Jyotir challenges the new municipal tax regulation in London.,1,0,0,0,0,0
Petition filed by Shouryan regarding violation of free speech rights. Government hiring procedure disputed by Jyotir from Kuala Lumpur.,1,0,0,1,0,0
Custody battle between Aaradhya and Titiksha in Kuala Lumpur family court.,0,0,0,0,1,0
Government hiring procedure disputed by Aditya from Rome.,1,0,0,0,0,0
Raj is charged with theft at Jakarta mall.,0,1,0,0,0,0
Mahesh sues Sunita over sudden rental agreement termination. Custody battle between Aaradhya and Aditya in Jammu family court.,0,0,1,0,1,0
Custody battle between Prashant and Mohit in Manila family court.,0,0,0,0,1,0
Citizens in Seoul protest changes in election laws. Government hiring procedure disputed by Shouryan from Johannesburg.,1,0,0,1,0,0
Government hiring procedure disputed by Jatin from Madrid.,1,0,0,0,0,0
Property ownership between Monika and Tanmay contested in Brussels court. Startup Spotify sues ex-employee Kartikey for leaking trade secrets.,0,0,1,0,0,1
Property ownership between Arpita and David contested in Moscow court.,0,0,1,0,0,0
Startup BYD Auto sues ex-employee Harvijay for leaking trade secrets.,0,0,0,0,0,1
Police arrest Kartikey in Jammu for organized financial fraud. Petition filed by Himanshi regarding violation of free speech rights.,0,1,0,1,0,0
Raj files lawsuit against Rakesh for breach of partnership terms.,0,0,0,0,0,1
Property ownership between John and Aaradhya contested in London court.,0,0,1,0,0,0
Custody battle between Mahesh and Shubham in Bangkok family court.,0,0,0,0,1,0
Startup Yum! Brands sues ex-employee David for leaking trade secrets.,0,0,0,0,0,1
Property ownership between Shivam and Amit contested in Riyadh court.,0,0,1,0,0,0
Police arrest Rakesh in Mumbai for organized financial fraud. Petition filed by Rohit regarding violation of free speech rights.,0,1,0,1,0,0
Property ownership between kshitij and Harvijay contested in Mumbai court. Tanmay and Kunal file for divorce citing irreconcilable differences.,0,0,1,0,1,0
Startup Target sues ex-employee Kunal for leaking trade secrets. Government hiring procedure disputed by Mohit from Istanbul.,1,0,0,0,0,1
Startup Tencent sues ex-employee Anushka for leaking trade secrets. Mr. Sunita challenges the new municipal tax regulation in Mumbai.,1,0,0,0,0,1
David sues Jatin over sudden rental agreement termination.,0,0,1,0,0,0
Petition filed by Mohit regarding violation of free speech rights.,0,0,0,1,0,0
Sudhir sues Omar over sudden rental agreement termination. Piyush files lawsuit against John for breach of partnership terms.,0,0,1,0,0,1
Petition filed by Gukesh regarding violation of free speech rights. Mr. Ayesha challenges the new municipal tax regulation in Amsterdam.,1,0,0,1,0,0
Petition filed by Fatima regarding violation of free speech rights. Mr. Rohit challenges the new municipal tax regulation in Istanbul.,1,0,0,1,0,0
Petition filed by Shubham regarding violation of free speech rights.,0,0,0,1,0,0
Petition filed by Utkarsh regarding violation of free speech rights.,0,0,0,1,0,0
Shouryan sues Titiksha over sudden rental agreement termination. Startup Tencent sues ex-employee Arpita for leaking trade secrets.,0,0,1,0,0,1
Petition filed by John regarding violation of free speech rights.,0,0,0,1,0,0
Mahesh is charged with theft at Beijing mall.,0,1,0,0,0,0
Aditya sues Prashant over sudden rental agreement termination.,0,0,1,0,0,0
Mr. Kunal challenges the new municipal tax regulation in Rome.,1,0,0,0,0,0
Citizens in Brussels protest changes in election laws.,0,0,0,1,0,0
Police arrest Monika in New York for organized financial fraud.,0,1,0,0,0,0
Petition filed by David regarding violation of free speech rights.,0,0,0,1,0,0
Ramesh files lawsuit against Utkarsh for breach of partnership terms.,0,0,0,0,0,1
Sunita sues Anushka over sudden rental agreement termination.,0,0,1,0,0,0
Property ownership between Shubham and Ayesha contested in Berlin court.,0,0,1,0,0,0
Petition filed by Amit regarding violation of free speech rights.,0,0,0,1,0,0
Mahesh sues Fatima over sudden rental agreement termination.,0,0,1,0,0,0
Shubham sues Tanmay over sudden rental agreement termination.,0,0,1,0,0,0
Property ownership between Tanmay and Anushree contested in Madrid court. Custody battle between Prashant and Aditya in Madrid family court.,0,0,1,0,1,0
Aaradhya sues Arpita over sudden rental agreement termination. Startup Intel Corporation sues ex-employee Titiksha for leaking trade secrets.,0,0,1,0,0,1
Government hiring procedure disputed by Himanshi from Vishakhapatnam.,1,0,0,0,0,0
David is charged with theft at Cape Town mall. Petition filed by David regarding violation of free speech rights.,0,1,0,1,0,0
Startup AstraZeneca sues ex-employee Himanshi for leaking trade secrets.,0,0,0,0,0,1
Custody battle between Mahesh and Jatin in Moscow family court.,0,0,0,0,1,0
Government hiring procedure disputed by John from Manchester.,1,0,0,0,0,0
Startup Starbucks sues ex-employee Yash for leaking trade secrets.,0,0,0,0,0,1
Property ownership between Jatin and Tanmay contested in Delhi court. Akshay files lawsuit against Sara for breach of partnership terms.,0,0,1,0,0,1
Amit is charged with theft at Seoul mall.,0,1,0,0,0,0
Akshay files lawsuit against Utkarsh for breach of partnership terms. Mr. Shivam challenges the new municipal tax regulation in Shanghai.,1,0,0,0,0,1
David files lawsuit against Mohit for breach of partnership terms.,0,0,0,0,0,1
Rohit files lawsuit against Mukti for breach of partnership terms.,0,0,0,0,0,1
Citizens in Shanghai protest changes in election laws.,0,0,0,1,0,0
Mr. Ayesha challenges the new municipal tax regulation in Bangkok.,1,0,0,0,0,0
Citizens in Doha protest changes in election laws.,0,0,0,1,0,0
Kartikey and Anjali file for divorce citing irreconcilable differences.,0,0,0,0,1,0
Rohit files lawsuit against Sudhir for breach of partnership terms.,0,0,0,0,0,1
Citizens in Manchester protest changes in election laws.,0,0,0,1,0,0
Government hiring procedure disputed by Jatin from Kuala Lumpur.,1,0,0,0,0,0
Sunita is charged with theft at Dehradun mall.,0,1,0,0,0,0
Petition filed by Ramesh regarding violation of free speech rights.,0,0,0,1,0,0
Police arrest Aditya in Shanghai for organized financial fraud.,0,1,0,0,0,0
Petition filed by Himanshi regarding violation of free speech rights. Mr. Yash challenges the new municipal tax regulation in Dehradun.,1,0,0,1,0,0
Citizens in São Paulo protest changes in election laws.,0,0,0,1,0,0
kshitij is charged with theft at Abu Dhabi mall.,0,1,0,0,0,0
Property ownership between Ramesh and Himanshi contested in Riyadh court.,0,0,1,0,0,0
Amit sues Utkarsh over sudden rental agreement termination. Chen files lawsuit against Jatin for breach of partnership terms.,0,0,1,0,0,1
Anushree sues Anushka over sudden rental agreement termination.,0,0,1,0,0,0
Property ownership between John and Piyush contested in Kashmir court. Custody battle between Shouryan and Rohit in Pune family court.,0,0,1,0,1,0
Property ownership between Amit and Amit contested in Bnaglore court.,0,0,1,0,0,0
Property ownership between Piyush and Amit contested in São Paulo court. Startup Oracle sues ex-employee Sudhir for leaking trade secrets.,0,0,1,0,0,1
Prashant sues Anjali over sudden rental agreement termination. Startup PayPal sues ex-employee Anjali for leaking trade secrets.,0,0,1,0,0,1
Property ownership between Shivam and Akshay contested in New York court. Anjali and Aaradhya file for divorce citing irreconcilable differences.,0,0,1,0,1,0
Startup BMW sues ex-employee Jyotir for leaking trade secrets.,0,0,0,0,0,1
Property ownership between Sukesh and Kartikey contested in Lima court.,0,0,1,0,0,0
Police arrest Arpita in Kerela for organized financial fraud. Petition filed by Anjali regarding violation of free speech rights.,0,1,0,1,0,0
Police arrest Aditya in London for organized financial fraud.,0,1,0,0,0,0
Startup Honda sues ex-employee Jatin for leaking trade secrets.,0,0,0,0,0,1
Government hiring procedure disputed by Mukti from Seoul.,1,0,0,0,0,0
Arpita files lawsuit against Jyotir for breach of partnership terms.,0,0,0,0,0,1
Property ownership between Amit and Anushka contested in Jammu court. Startup General Motors sues ex-employee Rakesh for leaking trade secrets.,0,0,1,0,0,1
Monika files lawsuit against Raj for breach of partnership terms.,0,0,0,0,0,1
Gukesh and Ayesha file for divorce citing irreconcilable differences.,0,0,0,0,1,0
Startup BYD Auto sues ex-employee Sunita for leaking trade secrets.,0,0,0,0,0,1
Citizens in Melbourne protest changes in election laws. Mr. Mukti challenges the new municipal tax regulation in Amsterdam.,1,0,0,1,0,0
Police arrest Shubham in Kuala Lumpur for organized financial fraud. Petition filed by Rohit regarding violation of free speech rights.,0,1,0,1,0,0
Harvijay is charged with theft at Bangkok mall.,0,1,0,0,0,0
Property ownership between Kunal and Prashant contested in Rome court. Ramesh and Amit file for divorce citing irreconcilable differences.,0,0,1,0,1,0
Sukesh sues Piyush over sudden rental agreement termination. Titiksha files lawsuit against Sudhir for breach of partnership terms.,0,0,1,0,0,1
Custody battle between Akshay and Amit in Pune family court.,0,0,0,0,1,0
Petition filed by Raj regarding violation of free speech rights.,0,0,0,1,0,0
Citizens in Abu Dhabi protest changes in election laws. Government hiring procedure disputed by Jatin from Johannesburg.,1,0,0,1,0,0
Aaradhya is charged with theft at Manila mall.,0,1,0,0,0,0
Property ownership between Yash and Sukesh contested in Kerela court.,0,0,1,0,0,0
Arpita sues Gukesh over sudden rental agreement termination. Startup Sun Pharma sues ex-employee Salman for leaking trade secrets.,0,0,1,0,0,1
Aman files lawsuit against Piyush for breach of partnership terms. Mr. Utkarsh challenges the new municipal tax regulation in Madrid.,1,0,0,0,0,1
David sues Rohit over sudden rental agreement termination.,0,0,1,0,0,0
Property ownership between Fatima and Rohit contested in Riyadh court. Anushka files lawsuit against Rakesh for breach of partnership terms.,0,0,1,0,0,1
Police arrest Ayesha in Lima for organized financial fraud. Citizens in Osaka protest changes in election laws.,0,1,0,1,0,0
Property ownership between David and Mahesh contested in Cairo court.,0,0,1,0,0,0
Startup Citibank sues ex-employee Gukesh for leaking trade secrets. Government hiring procedure disputed by kshitij from Cape Town.,1,0,0,0,0,1
Police arrest Anushka in Cairo for organized financial fraud.,0,1,0,0,0,0
Property ownership between Rohit and Rohit contested in Moscow court.,0,0,1,0,0,0
Sudhir is charged with theft at Goa mall. Petition filed by Anushree regarding violation of free speech rights.,0,1,0,1,0,0
Arpita and kshitij file for divorce citing irreconcilable differences.,0,0,0,0,1,0
Custody battle between Anushka and Kartikey in Jakarta family court.,0,0,0,0,1,0
Custody battle between Anshika and kshitij in Dubai family court.,0,0,0,0,1,0
Police arrest Sara in Mumbai for organized financial fraud. Petition filed by Kartikey regarding violation of free speech rights.,0,1,0,1,0,0
Police arrest Anushka in Manila for organized financial fraud.,0,1,0,0,0,0
Police arrest Arpita in Madrid for organized financial fraud. Citizens in Kuala Lumpur protest changes in election laws.,0,1,0,1,0,0
Custody battle between Himanshi and Anushree in Moscow family court.,0,0,0,0,1,0
Property ownership between Harvijay and Jyotir contested in Paris court. John and Fatima file for divorce citing irreconcilable differences.,0,0,1,0,1,0
Salman files lawsuit against Aaradhya for breach of partnership terms. Mr. John challenges the new municipal tax regulation in Singapore.,1,0,0,0,0,1
Custody battle between Mahesh and Kunal in Singapore family court.,0,0,0,0,1,0
Property ownership between Anushka and Yash contested in Bnaglore court. Custody battle between Raj and Tanmay in Amsterdam family court.,0,0,1,0,1,0
Citizens in Manchester protest changes in election laws.,0,0,0,1,0,0
Police arrest Harvijay in Istanbul for organized financial fraud. Petition filed by Piyush regarding violation of free speech rights.,0,1,0,1,0,0
Police arrest Shivam in Kashmir for organized financial fraud.,0,1,0,0,0,0
Mr. Titiksha challenges the new municipal tax regulation in Delhi.,1,0,0,0,0,0
Police arrest Rohit in Manchester for organized financial fraud.,0,1,0,0,0,0
Anshika sues Amit over sudden rental agreement termination.,0,0,1,0,0,0
Monika and Aman file for divorce citing irreconcilable differences.,0,0,0,0,1,0
Property ownership between Mukti and Sunita contested in Abu Dhabi court.,0,0,1,0,0,0
Tanmay is charged with theft at Shanghai mall.,0,1,0,0,0,0
Petition filed by Aaradhya regarding violation of free speech rights.,0,0,0,1,0,0
Police arrest Rohit in Kuala Lumpur for organized financial fraud. Petition filed by Shivam regarding violation of free speech rights.,0,1,0,1,0,0
Police arrest kshitij in Madrid for organized financial fraud. Petition filed by Fatima regarding violation of free speech rights.,0,1,0,1,0,0
Harvijay files lawsuit against Kunal for breach of partnership terms.,0,0,0,0,0,1
Startup Barclays sues ex-employee Ramesh for leaking trade secrets. Government hiring procedure disputed by Anjali from Doha.,1,0,0,0,0,1
Anushree files lawsuit against Himanshi for breach of partnership terms.,0,0,0,0,0,1
Shivam sues Harvijay over sudden rental agreement termination.,0,0,1,0,0,0
Police arrest Harvijay in Manila for organized financial fraud.,0,1,0,0,0,0
Startup Qatar Airways sues ex-employee Rakesh for leaking trade secrets. Mr. Rakesh challenges the new municipal tax regulation in Shanghai.,1,0,0,0,0,1
Simran is charged with theft at Buenos Aires mall. Petition filed by Jyotir regarding violation of free speech rights.,0,1,0,1,0,0
Government hiring procedure disputed by Sudhir from Tokyo.,1,0,0,0,0,0
Government hiring procedure disputed by Aditya from Jakarta.,1,0,0,0,0,0
Monika is charged with theft at Osaka mall.,0,1,0,0,0,0
Petition filed by Sara regarding violation of free speech rights.,0,0,0,1,0,0
Startup Honeywell sues ex-employee Sunita for leaking trade secrets. Mr. Simran challenges the new municipal tax regulation in Jakarta.,1,0,0,0,0,1
Sunita files lawsuit against Harvijay for breach of partnership terms.,0,0,0,0,0,1
Startup ExxonMobil sues ex-employee Shubham for leaking trade secrets. Mr. David challenges the new municipal tax regulation in Singapore.,1,0,0,0,0,1
Priya is charged with theft at Singapore mall.,0,1,0,0,0,0
Police arrest Monika in Dehradun for organized financial fraud.,0,1,0,0,0,0
Police arrest Sudhir in Pune for organized financial fraud. Petition filed by Anjali regarding violation of free speech rights.,0,1,0,1,0,0
Property ownership between Kunal and kshitij contested in Shanghai court. Startup Hilton Hotels sues ex-employee Sunita for leaking trade secrets.,0,0,1,0,0,1
Custody battle between Sudhir and Rakesh in Chennai family court.,0,0,0,0,1,0
Petition filed by Sudhir regarding violation of free speech rights.,0,0,0,1,0,0
Startup Tata Motors sues ex-employee Shubham for leaking trade secrets.,0,0,0,0,0,1
Government hiring procedure disputed by Raj from Johannesburg.,1,0,0,0,0,0
Anshika sues Aditya over sudden rental agreement termination.,0,0,1,0,0,0
Rakesh sues Kartikey over sudden rental agreement termination.,0,0,1,0,0,0
Police arrest Priya in Brussels for organized financial fraud. Petition filed by Aman regarding violation of free speech rights.,0,1,0,1,0,0
Fatima and Anushka file for divorce citing irreconcilable differences.,0,0,0,0,1,0
Police arrest Utkarsh in Melbourne for organized financial fraud.,0,1,0,0,0,0
Property ownership between Shubham and Anushka contested in Doha court. Sukesh files lawsuit against Himanshi for breach of partnership terms.,0,0,1,0,0,1
Rohit sues Kunal over sudden rental agreement termination.,0,0,1,0,0,0
Petition filed by Titiksha regarding violation of free speech rights.,0,0,0,1,0,0
Startup General Motors sues ex-employee Gukesh for leaking trade secrets. Government hiring procedure disputed by Priya from Bnaglore.,1,0,0,0,0,1
Petition filed by Kartikey regarding violation of free speech rights.,0,0,0,1,0,0
Property ownership between Akshay and Sunita contested in New York court.,0,0,1,0,0,0
Startup PepsiCo sues ex-employee Monika for leaking trade secrets. Mr. Mahesh challenges the new municipal tax regulation in Melbourne.,1,0,0,0,0,1
Police arrest Prashant in Madrid for organized financial fraud.,0,1,0,0,0,0
Citizens in Singapore protest changes in election laws. Government hiring procedure disputed by Rakesh from Doha.,1,0,0,1,0,0
Tanmay sues Rakesh over sudden rental agreement termination. Custody battle between Gukesh and Kartikey in Singapore family court.,0,0,1,0,1,0
Petition filed by Rohit regarding violation of free speech rights.,0,0,0,1,0,0
Sukesh is charged with theft at Kerela mall.,0,1,0,0,0,0
Startup Tencent sues ex-employee Rakesh for leaking trade secrets. Mr. Akshay challenges the new municipal tax regulation in Barcelona.,1,0,0,0,0,1
Startup American Express sues ex-employee Piyush for leaking trade secrets. Mr. Anjali challenges the new municipal tax regulation in Jakarta.,1,0,0,0,0,1
Police arrest Utkarsh in Mexico City for organized financial fraud.,0,1,0,0,0,0
Startup Bosch sues ex-employee Piyush for leaking trade secrets.,0,0,0,0,0,1
Utkarsh is charged with theft at Manila mall.,0,1,0,0,0,0
Mukti files lawsuit against kshitij for breach of partnership terms.,0,0,0,0,0,1
Property ownership between Aaradhya and Sara contested in Mexico City court.,0,0,1,0,0,0
Petition filed by Anushree regarding violation of free speech rights.,0,0,0,1,0,0
Rohit files lawsuit against Ramesh for breach of partnership terms. Mr. Kunal challenges the new municipal tax regulation in Brisbane.,1,0,0,0,0,1
Shubham and Aman file for divorce citing irreconcilable differences.,0,0,0,0,1,0
Startup TCS sues ex-employee Sara for leaking trade secrets.,0,0,0,0,0,1
Prashant and Piyush file for divorce citing irreconcilable differences.,0,0,0,0,1,0
Shubham and John file for divorce citing irreconcilable differences.,0,0,0,0,1,0
Jyotir and Gukesh file for divorce citing irreconcilable differences.,0,0,0,0,1,0
Startup American Express sues ex-employee Mohit for leaking trade secrets.,0,0,0,0,0,1
Startup Hyundai sues ex-employee David for leaking trade secrets.,0,0,0,0,0,1
Petition filed by Arpita regarding violation of free speech rights.,0,0,0,1,0,0
Property ownership between Salman and Arpita contested in Goa court.,0,0,1,0,0,0
Government hiring procedure disputed by Aaradhya from Lima.,1,0,0,0,0,0
Police arrest Anshika in Moscow for organized financial fraud.,0,1,0,0,0,0
John and Ayesha file for divorce citing irreconcilable differences.,0,0,0,0,1,0
Sudhir is charged with theft at São Paulo mall.,0,1,0,0,0,0
Startup Citibank sues ex-employee Arpita for leaking trade secrets.,0,0,0,0,0,1
Startup Yum! Brands sues ex-employee Utkarsh for leaking trade secrets. Government hiring procedure disputed by Utkarsh from Dubai.,1,0,0,0,0,1
Citizens in Seoul protest changes in election laws. Government hiring procedure disputed by Mukti from Cairo.,1,0,0,1,0,0
Citizens in Lima protest changes in election laws.,0,0,0,1,0,0
Anushree is charged with theft at Mexico City mall.,0,1,0,0,0,0
Kartikey sues Simran over sudden rental agreement termination. Tanmay and Aman file for divorce citing irreconcilable differences.,0,0,1,0,1,0
Custody battle between John and Aditya in Seoul family court.,0,0,0,0,1,0
Government hiring procedure disputed by Aman from Chennai.,1,0,0,0,0,0
Petition filed by Salman regarding violation of free speech rights.,0,0,0,1,0,0
Citizens in Chennai protest changes in election laws. Mr. Sudhir challenges the new municipal tax regulation in Jakarta.,1,0,0,1,0,0
Amit files lawsuit against Priya for breach of partnership terms.,0,0,0,0,0,1
Gukesh is charged with theft at Dubai mall. Petition filed by Shivam regarding violation of free speech rights.,0,1,0,1,0,0
Mr. Tanmay challenges the new municipal tax regulation in Sydney.,1,0,0,0,0,0
Simran sues Rohit over sudden rental agreement termination.,0,0,1,0,0,0
Police arrest Prashant in Moscow for organized financial fraud.,0,1,0,0,0,0
Police arrest Simran in Kuala Lumpur for organized financial fraud. Petition filed by Amit regarding violation of free speech rights.,0,1,0,1,0,0
Police arrest Aman in Bangkok for organized financial fraud.,0,1,0,0,0,0
Citizens in Goa protest changes in election laws. Mr. Arpita challenges the new municipal tax regulation in Kuala Lumpur.,1,0,0,1,0,0
Mr. Himanshi challenges the new municipal tax regulation in Cairo.,1,0,0,0,0,0
John sues Arpita over sudden rental agreement termination. Custody battle between Harvijay and Simran in São Paulo family court.,0,0,1,0,1,0
Simran is charged with theft at Sydney mall.,0,1,0,0,0,0
Petition filed by Ramesh regarding violation of free speech rights.,0,0,0,1,0,0
Citizens in Johannesburg protest changes in election laws. Mr. Anjali challenges the new municipal tax regulation in Bangkok.,1,0,0,1,0,0
Police arrest David in Manchester for organized financial fraud.,0,1,0,0,0,0
Ramesh sues Kartikey over sudden rental agreement termination. Anshika files lawsuit against Piyush for breach of partnership terms.,0,0,1,0,0,1
Property ownership between Ayesha and Sudhir contested in Bangkok court.,0,0,1,0,0,0
kshitij sues Amit over sudden rental agreement termination. Custody battle between Shubham and Shouryan in Dehradun family court.,0,0,1,0,1,0
Simran is charged with theft at Beijing mall.,0,1,0,0,0,0
Citizens in Manchester protest changes in election laws.,0,0,0,1,0,0
Property ownership between Chen and Fatima contested in Brisbane court.,0,0,1,0,0,0
Startup Netflix sues ex-employee David for leaking trade secrets.,0,0,0,0,0,1
Citizens in Vishakhapatnam protest changes in election laws.,0,0,0,1,0,0
Citizens in Chennai protest changes in election laws. Mr. Ramesh challenges the new municipal tax regulation in Chennai.,1,0,0,1,0,0
Police arrest Kartikey in Jammu for organized financial fraud.,0,1,0,0,0,0
Government hiring procedure disputed by Amit from Singapore.,1,0,0,0,0,0
Mr. Monika challenges the new municipal tax regulation in Amsterdam.,1,0,0,0,0,0
Property ownership between Ramesh and Shivam contested in Brisbane court. Custody battle between Shubham and Mukti in Vishakhapatnam family court.,0,0,1,0,1,0
Police arrest Kunal in Barcelona for organized financial fraud. Citizens in Vishakhapatnam protest changes in election laws.,0,1,0,1,0,0
Petition filed by Anshika regarding violation of free speech rights.,0,0,0,1,0,0
Government hiring procedure disputed by Shouryan from Singapore.,1,0,0,0,0,0
Mr. Jyotir challenges the new municipal tax regulation in Mumbai.,1,0,0,0,0,0
Petition filed by Titiksha regarding violation of free speech rights. Mr. Kunal challenges the new municipal tax regulation in Shanghai.,1,0,0,1,0,0
Mr. Chen challenges the new municipal tax regulation in Manchester.,1,0,0,0,0,0
Property ownership between Tanmay and Salman contested in Istanbul court.,0,0,1,0,0,0
Police arrest Anshika in Bangkok for organized financial fraud.,0,1,0,0,0,0
Property ownership between Kunal and Piyush contested in Pune court. Arpita files lawsuit against Shubham for breach of partnership terms.,0,0,1,0,0,1
Prashant sues Anjali over sudden rental agreement termination.,0,0,1,0,0,0
Petition filed by Piyush regarding violation of free speech rights.,0,0,0,1,0,0
Fatima sues kshitij over sudden rental agreement termination. Piyush files lawsuit against John for breach of partnership terms.,0,0,1,0,0,1
Custody battle between Ayesha and Arpita in Dubai family court.,0,0,0,0,1,0
Property ownership between Jyotir and Tanmay contested in Beijing court.,0,0,1,0,0,0
Mr. Mohit challenges the new municipal tax regulation in Kuala Lumpur.,1,0,0,0,0,0
Property ownership between Anushree and Aaradhya contested in Beijing court.,0,0,1,0,0,0
Petition filed by Anushree regarding violation of free speech rights.,0,0,0,1,0,0
Startup Salesforce sues ex-employee Amit for leaking trade secrets. Government hiring procedure disputed by Kunal from Istanbul.,1,0,0,0,0,1
Mr. Amit challenges the new municipal tax regulation in Moscow.,1,0,0,0,0,0
Salman and Ramesh file for divorce citing irreconcilable differences.,0,0,0,0,1,0
Police arrest Sukesh in Osaka for organized financial fraud.,0,1,0,0,0,0
Sunita is charged with theft at Brussels mall. Citizens in Goa protest changes in election laws.,0,1,0,1,0,0
Police arrest Anushka in Brussels for organized financial fraud.,0,1,0,0,0,0
Property ownership between Jatin and Rakesh contested in Kerela court. Salman files lawsuit against Fatima for breach of partnership terms.,0,0,1,0,0,1
Utkarsh sues Mukti over sudden rental agreement termination. Raj files lawsuit against Shubham for breach of partnership terms.,0,0,1,0,0,1
Chen files lawsuit against Jyotir for breach of partnership terms. Mr. Titiksha challenges the new municipal tax regulation in Osaka.,1,0,0,0,0,1
Custody battle between Raj and Raj in Rome family court.,0,0,0,0,1,0
Ramesh files lawsuit against Sudhir for breach of partnership terms.,0,0,0,0,0,1
Anshika files lawsuit against Titiksha for breach of partnership terms. Mr. Sudhir challenges the new municipal tax regulation in Kerela.,1,0,0,0,0,1
Mr. Shubham challenges the new municipal tax regulation in Jammu.,1,0,0,0,0,0
Omar sues Amit over sudden rental agreement termination. Custody battle between Gukesh and Omar in Rome family court.,0,0,1,0,1,0
Mukti files lawsuit against Anushka for breach of partnership terms.,0,0,0,0,0,1
Startup Marriott International sues ex-employee Yash for leaking trade secrets. Mr. Jatin challenges the new municipal tax regulation in Sydney.,1,0,0,0,0,1
Property ownership between Prashant and Sudhir contested in Kerela court. Custody battle between Sunita and Shouryan in Manila family court.,0,0,1,0,1,0
Government hiring procedure disputed by Himanshi from Pune.,1,0,0,0,0,0
Prashant files lawsuit against Ramesh for breach of partnership terms. Mr. Mohit challenges the new municipal tax regulation in Lima.,1,0,0,0,0,1
Aaradhya and Amit file for divorce citing irreconcilable differences.,0,0,0,0,1,0
Property ownership between Fatima and Gukesh contested in Pune court.,0,0,1,0,0,0
Police arrest Anjali in Rome for organized financial fraud.,0,1,0,0,0,0
Police arrest Raj in Jammu for organized financial fraud. Citizens in Doha protest changes in election laws.,0,1,0,1,0,0
Kartikey is charged with theft at Bnaglore mall. Citizens in Jammu protest changes in election laws.,0,1,0,1,0,0
Mr. Rakesh challenges the new municipal tax regulation in Cape Town.,1,0,0,0,0,0
Mr. Yash challenges the new municipal tax regulation in Kuala Lumpur.,1,0,0,0,0,0
Mr. Aditya challenges the new municipal tax regulation in Amsterdam.,1,0,0,0,0,0
John sues Ramesh over sudden rental agreement termination. Startup AT&T sues ex-employee Shubham for leaking trade secrets.,0,0,1,0,0,1
Petition filed by Mukti regarding violation of free speech rights.,0,0,0,1,0,0
Petition filed by Fatima regarding violation of free speech rights. Mr. Kartikey challenges the new municipal tax regulation in Moscow.,1,0,0,1,0,0
Custody battle between Amit and Anshika in Melbourne family court.,0,0,0,0,1,0
Custody battle between Omar and kshitij in Paris family court.,0,0,0,0,1,0
Petition filed by Priya regarding violation of free speech rights.,0,0,0,1,0,0
Citizens in Mumbai protest changes in election laws. Mr. Rakesh challenges the new municipal tax regulation in Singapore.,1,0,0,1,0,0
Citizens in Dubai protest changes in election laws.,0,0,0,1,0,0
Police arrest Ayesha in Johannesburg for organized financial fraud. Citizens in Goa protest changes in election laws.,0,1,0,1,0,0
Police arrest Anushree in Dehradun for organized financial fraud. Petition filed by Anushka regarding violation of free speech rights.,0,1,0,1,0,0
Property ownership between Aditya and Kartikey contested in Brussels court.,0,0,1,0,0,0
Petition filed by Anshika regarding violation of free speech rights. Mr. Salman challenges the new municipal tax regulation in New York.,1,0,0,1,0,0
Citizens in Shanghai protest changes in election laws.,0,0,0,1,0,0
Mr. Anushree challenges the new municipal tax regulation in Goa.,1,0,0,0,0,0
Property ownership between Kartikey and Anushree contested in Dubai court. Startup Johnson & Johnson sues ex-employee kshitij for leaking trade secrets.,0,0,1,0,0,1
Citizens in Rome protest changes in election laws.,0,0,0,1,0,0
Yash sues Anshika over sudden rental agreement termination.,0,0,1,0,0,0
Property ownership between Aaradhya and Amit contested in Istanbul court.,0,0,1,0,0,0
Himanshi is charged with theft at Tokyo mall. Petition filed by Tanmay regarding violation of free speech rights.,0,1,0,1,0,0
Government hiring procedure disputed by Shivam from Moscow.,1,0,0,0,0,0
kshitij is charged with theft at Brussels mall.,0,1,0,0,0,0
Mohit is charged with theft at Mexico City mall. Citizens in Riyadh protest changes in election laws.,0,1,0,1,0,0
Citizens in Vishakhapatnam protest changes in election laws. Mr. Tanmay challenges the new municipal tax regulation in Shanghai.,1,0,0,1,0,0
Startup Honda sues ex-employee Prashant for leaking trade secrets.,0,0,0,0,0,1
Startup Delta Airlines sues ex-employee Anushree for leaking trade secrets. Mr. Mahesh challenges the new municipal tax regulation in Doha.,1,0,0,0,0,1
Jyotir files lawsuit against Arpita for breach of partnership terms. Government hiring procedure disputed by Anshika from Singapore.,1,0,0,0,0,1
Citizens in Cairo protest changes in election laws.,0,0,0,1,0,0
Mr. Anshika challenges the new municipal tax regulation in Goa.,1,0,0,0,0,0
Property ownership between Rohit and Arpita contested in Kashmir court.,0,0,1,0,0,0
Priya files lawsuit against Gukesh for breach of partnership terms.,0,0,0,0,0,1
Mr. Prashant challenges the new municipal tax regulation in Beijing.,1,0,0,0,0,0
Mr. Tanmay challenges the new municipal tax regulation in Bangkok.,1,0,0,0,0,0
Petition filed by Shivam regarding violation of free speech rights. Mr. kshitij challenges the new municipal tax regulation in Istanbul.,1,0,0,1,0,0
Property ownership between Tanmay and Sara contested in Madrid court.,0,0,1,0,0,0
Mr. Mukti challenges the new municipal tax regulation in Manchester.,1,0,0,0,0,0
Mohit is charged with theft at Seoul mall. Petition filed by Sunita regarding violation of free speech rights.,0,1,0,1,0,0
Prashant sues Chen over sudden rental agreement termination. Utkarsh and Simran file for divorce citing irreconcilable differences.,0,0,1,0,1,0
Mr. Amit challenges the new municipal tax regulation in Pune.,1,0,0,0,0,0
Police arrest Jatin in Kuala Lumpur for organized financial fraud. Petition filed by Anushka regarding violation of free speech rights.,0,1,0,1,0,0
Property ownership between Tanmay and Shouryan contested in Bangkok court.,0,0,1,0,0,0
Citizens in Pune protest changes in election laws. Mr. Monika challenges the new municipal tax regulation in Amsterdam.,1,0,0,1,0,0
Prashant is charged with theft at Doha mall. Citizens in London protest changes in election laws.,0,1,0,1,0,0
Petition filed by Anushka regarding violation of free speech rights.,0,0,0,1,0,0
Police arrest Prashant in Kerela for organized financial fraud.,0,1,0,0,0,0
Custody battle between Priya and Akshay in Cape Town family court.,0,0,0,0,1,0
Petition filed by Aditya regarding violation of free speech rights.,0,0,0,1,0,0
Police arrest Anjali in Jakarta for organized financial fraud. Petition filed by Aaradhya regarding violation of free speech rights.,0,1,0,1,0,0
Property ownership between Chen and Mukti contested in Madrid court. Startup BMW sues ex-employee Piyush for leaking trade secrets.,0,0,1,0,0,1
Startup Goldman Sachs sues ex-employee Titiksha for leaking trade secrets. Government hiring procedure disputed by Himanshi from Berlin.,1,0,0,0,0,1
Property ownership between Mukti and Harvijay contested in Jakarta court. Amit files lawsuit against Priya for breach of partnership terms.,0,0,1,0,0,1
Harvijay files lawsuit against Tanmay for breach of partnership terms.,0,0,0,0,0,1
Petition filed by Aditya regarding violation of free speech rights.,0,0,0,1,0,0
Petition filed by Shouryan regarding violation of free speech rights. Government hiring procedure disputed by Mukti from Jammu.,1,0,0,1,0,0
Property ownership between Aditya and Mohit contested in London court. Custody battle between Rohit and Jatin in Goa family court.,0,0,1,0,1,0
Yash sues Shubham over sudden rental agreement termination.,0,0,1,0,0,0
Rohit files lawsuit against Anushka for breach of partnership terms. Mr. Rohit challenges the new municipal tax regulation in Delhi.,1,0,0,0,0,1
Shivam and Monika file for divorce citing irreconcilable differences.,0,0,0,0,1,0
Citizens in Dehradun protest changes in election laws. Government hiring procedure disputed by Shivam from Johannesburg.,1,0,0,1,0,0
Kartikey files lawsuit against Mohit for breach of partnership terms. Mr. Sukesh challenges the new municipal tax regulation in Delhi.,1,0,0,0,0,1
Akshay and Omar file for divorce citing irreconcilable differences.,0,0,0,0,1,0
Government hiring procedure disputed by Omar from Sydney.,1,0,0,0,0,0
Aaradhya files lawsuit against Titiksha for breach of partnership terms.,0,0,0,0,0,1
Startup PayPal sues ex-employee Mukti for leaking trade secrets.,0,0,0,0,0,1
Fatima sues David over sudden rental agreement termination.,0,0,1,0,0,0
Anshika files lawsuit against Kartikey for breach of partnership terms. Mr. Sukesh challenges the new municipal tax regulation in Mumbai.,1,0,0,0,0,1
Property ownership between Titiksha and Utkarsh contested in Kerela court. Prashant and Sunita file for divorce citing irreconcilable differences.,0,0,1,0,1,0
Citizens in Tokyo protest changes in election laws.,0,0,0,1,0,0
Startup Wells Fargo sues ex-employee Salman for leaking trade secrets.,0,0,0,0,0,1
Sara sues Mahesh over sudden rental agreement termination.,0,0,1,0,0,0
Police arrest Ayesha in New York for organized financial fraud.,0,1,0,0,0,0
Himanshi files lawsuit against Aaradhya for breach of partnership terms.,0,0,0,0,0,1
Property ownership between Chen and Kunal contested in Mexico City court. Prashant and Titiksha file for divorce citing irreconcilable differences.,0,0,1,0,1,0
Police arrest Piyush in Cape Town for organized financial fraud.,0,1,0,0,0,0
Priya sues Rohit over sudden rental agreement termination. Custody battle between Shivam and Tanmay in Seoul family court.,0,0,1,0,1,0
Property ownership between Omar and Gukesh contested in Cairo court. Custody battle between Yash and Prashant in Sydney family court.,0,0,1,0,1,0
Mr. Utkarsh challenges the new municipal tax regulation in Delhi.,1,0,0,0,0,0
Government hiring procedure disputed by kshitij from Moscow.,1,0,0,0,0,0
Property ownership between Omar and Kartikey contested in Cairo court.,0,0,1,0,0,0
Monika sues Raj over sudden rental agreement termination. Chen and Anjali file for divorce citing irreconcilable differences.,0,0,1,0,1,0
Shouryan is charged with theft at Barcelona mall. Citizens in Tokyo protest changes in election laws.,0,1,0,1,0,0
Citizens in Amsterdam protest changes in election laws.,0,0,0,1,0,0
Citizens in Kerela protest changes in election laws. Government hiring procedure disputed by Mahesh from Barcelona.,1,0,0,1,0,0
Property ownership between Sara and Akshay contested in Jammu court.,0,0,1,0,0,0
Property ownership between Omar and Rakesh contested in Kerela court.,0,0,1,0,0,0
Citizens in Melbourne protest changes in election laws.,0,0,0,1,0,0
Startup TotalEnergies sues ex-employee kshitij for leaking trade secrets.,0,0,0,0,0,1
Mr. John challenges the new municipal tax regulation in Jakarta.,1,0,0,0,0,0
Sunita sues David over sudden rental agreement termination. Piyush files lawsuit against Prashant for breach of partnership terms.,0,0,1,0,0,1
Startup American Express sues ex-employee Ayesha for leaking trade secrets.,0,0,0,0,0,1
Startup Vodafone sues ex-employee Prashant for leaking trade secrets.,0,0,0,0,0,1
Property ownership between Aaradhya and Tanmay contested in Mexico City court. Startup Microsoft sues ex-employee Mahesh for leaking trade secrets.,0,0,1,0,0,1
Gukesh and Prashant file for divorce citing irreconcilable differences.,0,0,0,0,1,0
Citizens in Berlin protest changes in election laws.,0,0,0,1,0,0
Police arrest Gukesh in Manchester for organized financial fraud.,0,1,0,0,0,0
Government hiring procedure disputed by Arpita from Vishakhapatnam.,1,0,0,0,0,0
Government hiring procedure disputed by Prashant from Mexico City.,1,0,0,0,0,0
Property ownership between Kunal and Anshika contested in Kerela court. Titiksha files lawsuit against John for breach of partnership terms.,0,0,1,0,0,1
Government hiring procedure disputed by Rohit from Vishakhapatnam.,1,0,0,0,0,0
Anshika sues Priya over sudden rental agreement termination. Startup IKEA sues ex-employee Sara for leaking trade secrets.,0,0,1,0,0,1
Property ownership between Tanmay and Gukesh contested in Buenos Aires court. Startup Delta Airlines sues ex-employee Shivam for leaking trade secrets.,0,0,1,0,0,1
Police arrest Anushka in New York for organized financial fraud. Petition filed by Shouryan regarding violation of free speech rights.,0,1,0,1,0,0
Citizens in Moscow protest changes in election laws.,0,0,0,1,0,0
Ramesh and Sukesh file for divorce citing irreconcilable differences.,0,0,0,0,1,0
Startup Wipro sues ex-employee kshitij for leaking trade secrets.,0,0,0,0,0,1
Mr. Harvijay challenges the new municipal tax regulation in Dubai.,1,0,0,0,0,0
Police arrest Harvijay in Cape Town for organized financial fraud.,0,1,0,0,0,0
Mukti sues Rohit over sudden rental agreement termination.,0,0,1,0,0,0
Startup TCS sues ex-employee Harvijay for leaking trade secrets. Mr. Harvijay challenges the new municipal tax regulation in Dubai.,1,0,0,0,0,1
Rohit sues Fatima over sudden rental agreement termination.,0,0,1,0,0,0
Police arrest Raj in New York for organized financial fraud.,0,1,0,0,0,0
Custody battle between Mahesh and Rakesh in Buenos Aires family court.,0,0,0,0,1,0
Custody battle between Monika and Anshika in Seoul family court.,0,0,0,0,1,0
Police arrest Priya in Johannesburg for organized financial fraud.,0,1,0,0,0,0
Akshay sues Aman over sudden rental agreement termination. Custody battle between Mahesh and Omar in Lima family court.,0,0,1,0,1,0
Citizens in Brisbane protest changes in election laws. Mr. Mohit challenges the new municipal tax regulation in Pune.,1,0,0,1,0,0
Government hiring procedure disputed by Omar from Goa.,1,0,0,0,0,0
Shouryan sues Aman over sudden rental agreement termination.,0,0,1,0,0,0
Startup Wells Fargo sues ex-employee Anshika for leaking trade secrets.,0,0,0,0,0,1
Priya files lawsuit against Simran for breach of partnership terms.,0,0,0,0,0,1
Citizens in Shanghai protest changes in election laws.,0,0,0,1,0,0
Petition filed by Rohit regarding violation of free speech rights. Government hiring procedure disputed by David from Manila.,1,0,0,1,0,0
Startup General Motors sues ex-employee Anushka for leaking trade secrets. Mr. Rakesh challenges the new municipal tax regulation in Jammu.,1,0,0,0,0,1
Police arrest John in Bnaglore for organized financial fraud.,0,1,0,0,0,0
Police arrest Shouryan in Barcelona for organized financial fraud.,0,1,0,0,0,0
Mr. Anjali challenges the new municipal tax regulation in Doha.,1,0,0,0,0,0
Omar is charged with theft at Brussels mall.,0,1,0,0,0,0
Startup Starbucks sues ex-employee Fatima for leaking trade secrets.,0,0,0,0,0,1
Rohit files lawsuit against Anushree for breach of partnership terms. Mr. Utkarsh challenges the new municipal tax regulation in Cairo.,1,0,0,0,0,1
Police arrest Chen in Jammu for organized financial fraud. Petition filed by Rohit regarding violation of free speech rights.,0,1,0,1,0,0
Custody battle between Kunal and Anshika in Riyadh family court.,0,0,0,0,1,0
Petition filed by Aditya regarding violation of free speech rights.,0,0,0,1,0,0
John and Tanmay file for divorce citing irreconcilable differences.,0,0,0,0,1,0
Utkarsh is charged with theft at Rome mall.,0,1,0,0,0,0
Mr. Sunita challenges the new municipal tax regulation in Delhi.,1,0,0,0,0,0
Mr. Fatima challenges the new municipal tax regulation in Sydney.,1,0,0,0,0,0
Amit is charged with theft at Kerela mall.,0,1,0,0,0,0
Custody battle between Yash and Shubham in Istanbul family court.,0,0,0,0,1,0
Yash sues Mohit over sudden rental agreement termination.,0,0,1,0,0,0
David is charged with theft at Brisbane mall. Petition filed by Shivam regarding violation of free speech rights.,0,1,0,1,0,0
Custody battle between Sukesh and John in Bnaglore family court.,0,0,0,0,1,0
Mr. Monika challenges the new municipal tax regulation in Singapore.,1,0,0,0,0,0
Police arrest Omar in London for organized financial fraud.,0,1,0,0,0,0
Petition filed by Chen regarding violation of free speech rights.,0,0,0,1,0,0
Startup Intel Corporation sues ex-employee Rakesh for leaking trade secrets.,0,0,0,0,0,1
Mahesh files lawsuit against Mahesh for breach of partnership terms.,0,0,0,0,0,1
Ramesh files lawsuit against Aaradhya for breach of partnership terms. Government hiring procedure disputed by Shubham from Riyadh.,1,0,0,0,0,1
Startup BMW sues ex-employee Sunita for leaking trade secrets.,0,0,0,0,0,1
Startup Sun Pharma sues ex-employee Akshay for leaking trade secrets. Mr. Sara challenges the new municipal tax regulation in Chennai.,1,0,0,0,0,1
Mr. Piyush challenges the new municipal tax regulation in Riyadh.,1,0,0,0,0,0
Petition filed by Ramesh regarding violation of free speech rights. Mr. Kartikey challenges the new municipal tax regulation in Paris.,1,0,0,1,0,0
Mahesh files lawsuit against Amit for breach of partnership terms. Government hiring procedure disputed by Jatin from Sydney.,1,0,0,0,0,1
Kartikey is charged with theft at Lima mall.,0,1,0,0,0,0
Arpita sues Titiksha over sudden rental agreement termination.,0,0,1,0,0,0
Startup Emirates sues ex-employee Akshay for leaking trade secrets.,0,0,0,0,0,1
Property ownership between Anushree and Shouryan contested in Beijing court.,0,0,1,0,0,0
Property ownership between Shubham and Shivam contested in Madrid court. Custody battle between Jyotir and Utkarsh in Sydney family court.,0,0,1,0,1,0
Petition filed by Anshika regarding violation of free speech rights.,0,0,0,1,0,0
Harvijay sues Shivam over sudden rental agreement termination. Custody battle between Simran and Harvijay in Jammu family court.,0,0,1,0,1,0
Mukti sues Shouryan over sudden rental agreement termination.,0,0,1,0,0,0
Government hiring procedure disputed by David from Kuala Lumpur.,1,0,0,0,0,0
Chen is charged with theft at New York mall.,0,1,0,0,0,0
Utkarsh files lawsuit against Priya for breach of partnership terms. Mr. Mahesh challenges the new municipal tax regulation in Kuala Lumpur.,1,0,0,0,0,1
Simran files lawsuit against Gukesh for breach of partnership terms.,0,0,0,0,0,1
Jatin and Amit file for divorce citing irreconcilable differences.,0,0,0,0,1,0
Police arrest Aditya in Melbourne for organized financial fraud. Petition filed by Aditya regarding violation of free speech rights.,0,1,0,1,0,0
Property ownership between Aaradhya and Omar contested in Dubai court. Yash files lawsuit against Ayesha for breach of partnership terms.,0,0,1,0,0,1
Mukti is charged with theft at Doha mall.,0,1,0,0,0,0
Rakesh and Shubham file for divorce citing irreconcilable differences.,0,0,0,0,1,0
Sudhir sues Arpita over sudden rental agreement termination. Custody battle between Prashant and Arpita in London family court.,0,0,1,0,1,0
Police arrest Fatima in Delhi for organized financial fraud.,0,1,0,0,0,0
Citizens in Barcelona protest changes in election laws.,0,0,0,1,0,0
Petition filed by Priya regarding violation of free speech rights. Mr. Amit challenges the new municipal tax regulation in Goa.,1,0,0,1,0,0
Police arrest Yash in New York for organized financial fraud.,0,1,0,0,0,0
Anushka is charged with theft at Jammu mall. Citizens in Seoul protest changes in election laws.,0,1,0,1,0,0
Priya files lawsuit against Arpita for breach of partnership terms.,0,0,0,0,0,1
Government hiring procedure disputed by Harvijay from Sydney.,1,0,0,0,0,0
Mr. Prashant challenges the new municipal tax regulation in Brisbane.,1,0,0,0,0,0
Simran files lawsuit against Aman for breach of partnership terms.,0,0,0,0,0,1
Sara files lawsuit against Chen for breach of partnership terms. Government hiring procedure disputed by Ayesha from Bnaglore.,1,0,0,0,0,1
Mr. Ayesha challenges the new municipal tax regulation in Barcelona.,1,0,0,0,0,0
Citizens in Johannesburg protest changes in election laws. Mr. Aditya challenges the new municipal tax regulation in London.,1,0,0,1,0,0
Mr. Jyotir challenges the new municipal tax regulation in Riyadh.,1,0,0,0,0,0
Police arrest Yash in Bnaglore for organized financial fraud.,0,1,0,0,0,0
Fatima sues Sukesh over sudden rental agreement termination. Custody battle between Ramesh and Simran in Madrid family court.,0,0,1,0,1,0
Sudhir and Sunita file for divorce citing irreconcilable differences.,0,0,0,0,1,0
Ayesha files lawsuit against Raj for breach of partnership terms.,0,0,0,0,0,1
Piyush files lawsuit against Kunal for breach of partnership terms.,0,0,0,0,0,1
Citizens in Istanbul protest changes in election laws.,0,0,0,1,0,0
Petition filed by Raj regarding violation of free speech rights.,0,0,0,1,0,0
Mr. Chen challenges the new municipal tax regulation in Manila.,1,0,0,0,0,0
Amit is charged with theft at Shanghai mall.,0,1,0,0,0,0
Government hiring procedure disputed by Aaradhya from Vishakhapatnam.,1,0,0,0,0,0
Custody battle between Jatin and Prashant in Rome family court.,0,0,0,0,1,0
Aditya is charged with theft at Berlin mall. Petition filed by Shivam regarding violation of free speech rights.,0,1,0,1,0,0
Police arrest Gukesh in Cape Town for organized financial fraud.,0,1,0,0,0,0
Government hiring procedure disputed by David from Abu Dhabi.,1,0,0,0,0,0
Prashant is charged with theft at Dubai mall.,0,1,0,0,0,0
